DATE,UNRATE,LFPR,notinLF,LNS11300001,m_not_lfpr,LNS11300002,w_not_lfpr
1948-01-01,3.4,58.6,41.4,86.7,13.3,32,68
1948-02-01,3.8,58.9,41.1,87,13,32.4,67.6
1948-03-01,4,58.5,41.5,86.3,13.7,32.1,67.9
1948-04-01,3.9,59,41,86.6,13.4,33,67
1948-05-01,3.5,58.3,41.7,86.1,13.9,32,68
1948-06-01,3.6,59.2,40.8,86.6,13.4,33.4,66.6
1948-07-01,3.6,59.3,40.7,86.7,13.3,33.4,66.6
1948-08-01,3.9,58.9,41.1,86.7,13.3,32.7,67.3
1948-09-01,3.8,58.9,41.1,86.3,13.7,33,67
1948-10-01,3.7,58.7,41.3,86.6,13.4,32.4,67.6
1948-11-01,3.8,58.7,41.3,86.5,13.5,32.6,67.4
1948-12-01,4,59.1,40.9,86.9,13.1,33,67
1949-01-01,4.3,58.7,41.3,86.5,13.5,32.6,67.4
1949-02-01,4.7,59,41,86.6,13.4,33,67
1949-03-01,5,58.9,41.1,86.5,13.5,33,67
1949-04-01,5.3,58.8,41.2,86.6,13.4,32.8,67.2
1949-05-01,6.1,59,41,86.6,13.4,33.1,66.9
1949-06-01,6.2,58.6,41.4,86.2,13.8,32.8,67.2
1949-07-01,6.7,58.9,41.1,86.1,13.9,33.4,66.6
1949-08-01,6.8,59.2,40.8,86.6,13.4,33.5,66.5
1949-09-01,6.6,59.1,40.9,86.6,13.4,33.4,66.6
1949-10-01,7.9,59.6,40.4,87.4,12.6,33.6,66.4
1949-11-01,6.4,59.4,40.6,86.8,13.2,33.7,66.3
1949-12-01,6.6,59.2,40.8,86.6,13.4,33.5,66.5
1950-01-01,6.5,58.9,41.1,86.2,13.8,33.4,66.6
1950-02-01,6.4,58.9,41.1,86.1,13.9,33.4,66.6
1950-03-01,6.3,58.8,41.2,85.9,14.1,33.2,66.8
1950-04-01,5.8,59.2,40.8,86.2,13.8,33.9,66.1
1950-05-01,5.5,59.1,40.9,86.3,13.7,33.6,66.4
1950-06-01,5.4,59.4,40.6,86.2,13.8,34.2,65.8
1950-07-01,5,59.1,40.9,86.1,13.9,33.7,66.3
1950-08-01,4.5,59.5,40.5,86.5,13.5,34.1,65.9
1950-09-01,4.4,59.2,40.8,86.5,13.5,33.7,66.3
1950-10-01,4.2,59.4,40.6,86.4,13.6,34.3,65.7
1950-11-01,4.2,59.3,40.7,86.3,13.7,34.4,65.6
1950-12-01,4.3,59.2,40.8,86.3,13.7,34,66
1951-01-01,3.7,59.1,40.9,86,14,34.3,65.7
1951-02-01,3.4,59.1,40.9,86.3,13.7,34.2,65.8
1951-03-01,3.4,59.8,40.2,86.9,13.1,35,65
1951-04-01,3.1,59.1,40.9,86.3,13.7,34.4,65.6
1951-05-01,3,59.4,40.6,86.6,13.4,34.7,65.3
1951-06-01,3.2,59,41,86.4,13.6,34.2,65.8
1951-07-01,3.1,59.4,40.6,86.3,13.7,35.2,64.8
1951-08-01,3.1,59.2,40.8,86.5,13.5,34.7,65.3
1951-09-01,3.3,59.1,40.9,86.4,13.6,34.4,65.6
1951-10-01,3.5,59.4,40.6,86.8,13.2,34.8,65.2
1951-11-01,3.5,59.2,40.8,86.5,13.5,34.7,65.3
1951-12-01,3.1,59.6,40.4,86.8,13.2,35.1,64.9
1952-01-01,3.2,59.5,40.5,86.8,13.2,35,65
1952-02-01,3.1,59.5,40.5,87,13,34.9,65.1
1952-03-01,2.9,58.9,41.1,86.5,13.5,34.1,65.9
1952-04-01,2.9,58.8,41.2,86.3,13.7,34.3,65.7
1952-05-01,3,59.1,40.9,86.4,13.6,34.7,65.3
1952-06-01,3,59.1,40.9,86.4,13.6,34.6,65.4
1952-07-01,3.2,58.9,41.1,86.3,13.7,34.4,65.6
1952-08-01,3.4,58.7,41.3,85.9,14.1,34.4,65.6
1952-09-01,3.1,59.2,40.8,85.9,14.1,35.4,64.6
1952-10-01,3,58.7,41.3,85.6,14.4,34.6,65.4
1952-11-01,2.8,59.1,40.9,85.6,14.4,35.4,64.6
1952-12-01,2.7,59.2,40.8,86.4,13.6,34.8,65.2
1953-01-01,2.9,59.5,40.5,86.5,13.5,35.1,64.9
1953-02-01,2.6,59.5,40.5,86.8,13.2,34.9,65.1
1953-03-01,2.6,59.6,40.4,86.8,13.2,35.2,64.8
1953-04-01,2.7,59.1,40.9,86.3,13.7,34.6,65.4
1953-05-01,2.5,58.6,41.4,85.8,14.2,34,66
1953-06-01,2.5,58.9,41.1,85.8,14.2,34.7,65.3
1953-07-01,2.6,58.9,41.1,85.9,14.1,34.6,65.4
1953-08-01,2.7,58.6,41.4,85.7,14.3,34.2,65.8
1953-09-01,2.9,58.5,41.5,85.4,14.6,34.3,65.7
1953-10-01,3.1,58.5,41.5,85.4,14.6,34.4,65.6
1953-11-01,3.5,58.6,41.4,85.9,14.1,33.9,66.1
1953-12-01,4.5,58.3,41.7,85.8,14.2,33.6,66.4
1954-01-01,4.9,58.6,41.4,85.8,14.2,33.9,66.1
1954-02-01,5.2,59.3,40.7,86.2,13.8,35,65
1954-03-01,5.7,59.1,40.9,85.6,14.4,35.1,64.9
1954-04-01,5.9,59.2,40.8,86,14,35,65
1954-05-01,5.9,58.9,41.1,85.7,14.3,34.6,65.4
1954-06-01,5.6,58.5,41.5,85.3,14.7,34.4,65.6
1954-07-01,5.8,58.4,41.6,85.4,14.6,34.1,65.9
1954-08-01,6,58.7,41.3,85.9,14.1,34.3,65.7
1954-09-01,6.1,59.2,40.8,86,14,34.9,65.1
1954-10-01,5.7,58.8,41.2,85.5,14.5,34.8,65.2
1954-11-01,5.3,58.6,41.4,85.2,14.8,34.6,65.4
1954-12-01,5,58.1,41.9,84.8,15.2,34.1,65.9
1955-01-01,4.9,58.6,41.4,85,15,34.7,65.3
1955-02-01,4.7,58.4,41.6,84.8,15.2,34.5,65.5
1955-03-01,4.6,58.5,41.5,85,15,34.5,65.5
1955-04-01,4.7,59,41,85.2,14.8,35.3,64.7
1955-05-01,4.3,58.8,41.2,85.1,14.9,35,65
1955-06-01,4.2,58.8,41.2,84.8,15.2,35.2,64.8
1955-07-01,4,59.3,40.7,85.3,14.7,35.8,64.2
1955-08-01,4.2,59.7,40.3,85.4,14.6,36.4,63.6
1955-09-01,4.1,59.7,40.3,85.6,14.4,36.2,63.8
1955-10-01,4.3,59.8,40.2,85.7,14.3,36.4,63.6
1955-11-01,4.2,59.9,40.1,85.8,14.2,36.5,63.5
1955-12-01,4.2,60.2,39.8,85.9,14.1,37,63
1956-01-01,4,60.2,39.8,86.1,13.9,36.7,63.3
1956-02-01,3.9,59.9,40.1,85.9,14.1,36.3,63.7
1956-03-01,4.2,59.8,40.2,85.8,14.2,36.4,63.6
1956-04-01,4,59.9,40.1,85.6,14.4,36.6,63.4
1956-05-01,4.3,60.2,39.8,85.8,14.2,37.1,62.9
1956-06-01,4.3,60.1,39.9,85.7,14.3,37,63
1956-07-01,4.4,60.1,39.9,85.5,14.5,37.2,62.8
1956-08-01,4.1,60,40,85.4,14.6,37,63
1956-09-01,3.9,60,40,85.2,14.8,37.1,62.9
1956-10-01,3.9,59.8,40.2,85,15,36.9,63.1
1956-11-01,4.3,59.8,40.2,85.2,14.8,36.9,63.1
1956-12-01,4.2,59.8,40.2,85,15,36.9,63.1
1957-01-01,4.2,59.5,40.5,84.8,15.2,36.6,63.4
1957-02-01,3.9,59.9,40.1,85,15,37.1,62.9
1957-03-01,3.7,59.8,40.2,85.2,14.8,36.9,63.1
1957-04-01,3.9,59.5,40.5,85,15,36.5,63.5
1957-05-01,4.1,59.5,40.5,84.9,15.1,36.6,63.4
1957-06-01,4.3,59.8,40.2,85.2,14.8,36.8,63.2
1957-07-01,4.2,60,40,85.1,14.9,37.2,62.8
1957-08-01,4.1,59.3,40.7,84.4,15.6,36.6,63.4
1957-09-01,4.4,59.6,40.4,84.6,15.4,36.9,63.1
1957-10-01,4.5,59.5,40.5,84.4,15.6,37,63
1957-11-01,5.1,59.5,40.5,84.4,15.6,36.9,63.1
1957-12-01,5.2,59.6,40.4,84.5,15.5,37.1,62.9
1958-01-01,5.8,59.3,40.7,84.1,15.9,36.8,63.2
1958-02-01,6.4,59.3,40.7,84,16,37,63
1958-03-01,6.7,59.3,40.7,84,16,37,63
1958-04-01,7.4,59.6,40.4,84.3,15.7,37.3,62.7
1958-05-01,7.4,59.8,40.2,84.6,15.4,37.4,62.6
1958-06-01,7.3,59.5,40.5,84.3,15.7,37.1,62.9
1958-07-01,7.5,59.6,40.4,84.6,15.4,37,63
1958-08-01,7.4,59.8,40.2,84.6,15.4,37.3,62.7
1958-09-01,7.1,59.7,40.3,84.7,15.3,37,63
1958-10-01,6.7,59.6,40.4,84.6,15.4,37,63
1958-11-01,6.2,59.2,40.8,84,16,36.8,63.2
1958-12-01,6.2,59.2,40.8,83.8,16.2,36.9,63.1
1959-01-01,6,59.3,40.7,83.8,16.2,37.1,62.9
1959-02-01,5.9,59,41,83.5,16.5,36.8,63.2
1959-03-01,5.6,59.3,40.7,83.8,16.2,37.1,62.9
1959-04-01,5.2,59.4,40.6,83.9,16.1,37.3,62.7
1959-05-01,5.1,59.2,40.8,83.6,16.4,37.1,62.9
1959-06-01,5,59.2,40.8,83.5,16.5,37.3,62.7
1959-07-01,5.1,59.4,40.6,83.9,16.1,37.1,62.9
1959-08-01,5.2,59.2,40.8,83.7,16.3,37.1,62.9
1959-09-01,5.5,59.3,40.7,83.9,16.1,37,63
1959-10-01,5.7,59.4,40.6,83.8,16.2,37.4,62.6
1959-11-01,5.8,59.1,40.9,83.5,16.5,37,63
1959-12-01,5.3,59.5,40.5,83.9,16.1,37.3,62.7
1960-01-01,5.2,59.1,40.9,83.6,16.4,37,63
1960-02-01,4.8,59.1,40.9,83.4,16.6,37.1,62.9
1960-03-01,5.4,58.5,41.5,82.8,17.2,36.6,63.4
1960-04-01,5.2,59.5,40.5,83.6,16.4,37.8,62.2
1960-05-01,5.1,59.5,40.5,83.4,16.6,37.9,62.1
1960-06-01,5.4,59.7,40.3,83.3,16.7,38.4,61.6
1960-07-01,5.5,59.5,40.5,83.2,16.8,38.1,61.9
1960-08-01,5.6,59.5,40.5,83.3,16.7,37.9,62.1
1960-09-01,5.5,59.7,40.3,83.5,16.5,38.2,61.8
1960-10-01,6.1,59.4,40.6,83.4,16.6,37.7,62.3
1960-11-01,6.1,59.8,40.2,83.7,16.3,38.2,61.8
1960-12-01,6.6,59.7,40.3,83.4,16.6,38.2,61.8
1961-01-01,6.6,59.6,40.4,83.4,16.6,38.2,61.8
1961-02-01,6.9,59.6,40.4,82.9,17.1,38.5,61.5
1961-03-01,6.9,59.7,40.3,83.1,16.9,38.7,61.3
1961-04-01,7,59.3,40.7,82.8,17.2,38.1,61.9
1961-05-01,7.1,59.4,40.6,83,17,38.1,61.9
1961-06-01,6.9,59.7,40.3,83.1,16.9,38.6,61.4
1961-07-01,7,59.3,40.7,82.8,17.2,38.1,61.9
1961-08-01,6.6,59.3,40.7,82.9,17.1,38,62
1961-09-01,6.7,59,41,82.6,17.4,37.7,62.3
1961-10-01,6.5,59.1,40.9,82.6,17.4,38,62
1961-11-01,6.1,59.1,40.9,82.7,17.3,37.8,62.2
1961-12-01,6,58.8,41.2,82.5,17.5,37.5,62.5
1962-01-01,5.8,58.8,41.2,82.2,17.8,37.9,62.1
1962-02-01,5.5,59,41,82.5,17.5,38,62
1962-03-01,5.6,58.9,41.1,82.5,17.5,37.8,62.2
1962-04-01,5.6,58.7,41.3,82,18,37.8,62.2
1962-05-01,5.5,58.9,41.1,82.4,17.6,37.8,62.2
1962-06-01,5.5,58.8,41.2,82.1,17.9,37.8,62.2
1962-07-01,5.4,58.5,41.5,81.7,18.3,37.7,62.3
1962-08-01,5.7,59,41,82.1,17.9,38.3,61.7
1962-09-01,5.6,59,41,82,18,38.3,61.7
1962-10-01,5.4,58.7,41.3,81.7,18.3,37.9,62.1
1962-11-01,5.7,58.5,41.5,81.6,18.4,37.8,62.2
1962-12-01,5.5,58.4,41.6,81.4,18.6,37.8,62.2
1963-01-01,5.7,58.6,41.4,81.4,18.6,38,62
1963-02-01,5.9,58.6,41.4,81.3,18.7,38.2,61.8
1963-03-01,5.7,58.6,41.4,81.4,18.6,38.2,61.8
1963-04-01,5.7,58.8,41.2,81.5,18.5,38.4,61.6
1963-05-01,5.9,58.8,41.2,81.4,18.6,38.5,61.5
1963-06-01,5.6,58.5,41.5,81.2,18.8,38.1,61.9
1963-07-01,5.6,58.7,41.3,81.5,18.5,38.3,61.7
1963-08-01,5.4,58.5,41.5,81.3,18.7,38,62
1963-09-01,5.5,58.7,41.3,81.4,18.6,38.4,61.6
1963-10-01,5.5,58.8,41.2,81.3,18.7,38.6,61.4
1963-11-01,5.7,58.8,41.2,81.4,18.6,38.5,61.5
1963-12-01,5.5,58.5,41.5,81,19,38.3,61.7
1964-01-01,5.6,58.6,41.4,81,19,38.4,61.6
1964-02-01,5.4,58.8,41.2,81,19,38.8,61.2
1964-03-01,5.4,58.7,41.3,81,19,38.7,61.3
1964-04-01,5.3,59.1,40.9,81.3,18.7,39.2,60.8
1964-05-01,5.1,59.1,40.9,81.4,18.6,39.1,60.9
1964-06-01,5.2,58.7,41.3,80.9,19.1,38.8,61.2
1964-07-01,4.9,58.6,41.4,81.1,18.9,38.5,61.5
1964-08-01,5,58.6,41.4,80.9,19.1,38.6,61.4
1964-09-01,5.1,58.7,41.3,81.1,18.9,38.5,61.5
1964-10-01,5.1,58.6,41.4,80.9,19.1,38.6,61.4
1964-11-01,4.8,58.5,41.5,80.8,19.2,38.5,61.5
1964-12-01,5,58.6,41.4,80.6,19.4,38.8,61.2
1965-01-01,4.9,58.6,41.4,80.7,19.3,38.7,61.3
1965-02-01,5.1,58.7,41.3,80.9,19.1,38.8,61.2
1965-03-01,4.7,58.7,41.3,80.7,19.3,39,61
1965-04-01,4.8,58.8,41.2,81,19,39,61
1965-05-01,4.6,59,41,81.2,18.8,39,61
1965-06-01,4.6,58.8,41.2,80.5,19.5,39.4,60.6
1965-07-01,4.4,59.1,40.9,80.9,19.1,39.5,60.5
1965-08-01,4.4,58.9,41.1,80.6,19.4,39.3,60.7
1965-09-01,4.3,58.7,41.3,80.3,19.7,39.3,60.7
1965-10-01,4.2,58.9,41.1,80.6,19.4,39.5,60.5
1965-11-01,4.1,58.8,41.2,80.3,19.7,39.6,60.4
1965-12-01,4,59,41,80.5,19.5,39.8,60.2
1966-01-01,4,59,41,80.5,19.5,39.8,60.2
1966-02-01,3.8,58.8,41.2,80.3,19.7,39.6,60.4
1966-03-01,3.8,58.8,41.2,80.4,19.6,39.6,60.4
1966-04-01,3.8,59,41,80.5,19.5,39.8,60.2
1966-05-01,3.9,59,41,80.3,19.7,40,60
1966-06-01,3.8,59.1,40.9,80.5,19.5,40.1,59.9
1966-07-01,3.8,59.1,40.9,80.5,19.5,40.2,59.8
1966-08-01,3.8,59.3,40.7,80.5,19.5,40.5,59.5
1966-09-01,3.7,59.3,40.7,80.2,19.8,40.7,59.3
1966-10-01,3.7,59.3,40.7,80.2,19.8,40.7,59.3
1966-11-01,3.6,59.6,40.4,80.4,19.6,41.1,58.9
1966-12-01,3.8,59.5,40.5,80.5,19.5,41,59
1967-01-01,3.9,59.5,40.5,80.5,19.5,40.8,59.2
1967-02-01,3.8,59.3,40.7,80.4,19.6,40.7,59.3
1967-03-01,3.8,59.1,40.9,80.2,19.8,40.4,59.6
1967-04-01,3.8,59.4,40.6,80.3,19.7,40.9,59.1
1967-05-01,3.8,59.3,40.7,80.3,19.7,40.7,59.3
1967-06-01,3.9,59.6,40.4,80.6,19.4,41,59
1967-07-01,3.8,59.6,40.4,80.6,19.4,41.1,58.9
1967-08-01,3.8,59.7,40.3,80.6,19.4,41.2,58.8
1967-09-01,3.8,59.7,40.3,80.3,19.7,41.4,58.6
1967-10-01,4,59.9,40.1,80.5,19.5,41.7,58.3
1967-11-01,3.9,59.8,40.2,80.4,19.6,41.6,58.4
1967-12-01,3.8,59.9,40.1,80.4,19.6,41.9,58.1
1968-01-01,3.7,59.2,40.8,79.8,20.2,41,59
1968-02-01,3.8,59.6,40.4,80.2,19.8,41.4,58.6
1968-03-01,3.7,59.6,40.4,80,20,41.5,58.5
1968-04-01,3.5,59.5,40.5,80.1,19.9,41.4,58.6
1968-05-01,3.5,59.9,40.1,80.1,19.9,42,58
1968-06-01,3.7,60,40,80.5,19.5,42,58
1968-07-01,3.7,59.8,40.2,80.3,19.7,41.8,58.2
1968-08-01,3.5,59.6,40.4,80.3,19.7,41.4,58.6
1968-09-01,3.4,59.5,40.5,79.9,20.1,41.6,58.4
1968-10-01,3.4,59.5,40.5,79.9,20.1,41.6,58.4
1968-11-01,3.4,59.6,40.4,79.8,20.2,41.8,58.2
1968-12-01,3.4,59.7,40.3,80,20,41.8,58.2
1969-01-01,3.4,59.6,40.4,79.8,20.2,41.9,58.1
1969-02-01,3.4,60,40,80,20,42.3,57.7
1969-03-01,3.4,59.9,40.1,79.9,20.1,42.3,57.7
1969-04-01,3.4,60,40,79.8,20.2,42.5,57.5
1969-05-01,3.4,59.8,40.2,79.5,20.5,42.4,57.6
1969-06-01,3.5,60.1,39.9,79.7,20.3,42.9,57.1
1969-07-01,3.5,60.1,39.9,79.8,20.2,42.9,57.1
1969-08-01,3.5,60.3,39.7,79.9,20.1,43,57
1969-09-01,3.7,60.3,39.7,80.1,19.9,42.9,57.1
1969-10-01,3.7,60.4,39.6,79.9,20.1,43.2,56.8
1969-11-01,3.5,60.2,39.8,79.8,20.2,43,57
1969-12-01,3.5,60.2,39.8,79.7,20.3,43.1,56.9
1970-01-01,3.9,60.4,39.6,79.9,20.1,43.3,56.7
1970-02-01,4.2,60.4,39.6,80,20,43.2,56.8
1970-03-01,4.4,60.6,39.4,80,20,43.4,56.6
1970-04-01,4.6,60.6,39.4,80,20,43.6,56.4
1970-05-01,4.8,60.3,39.7,79.9,20.1,43.1,56.9
1970-06-01,4.9,60.2,39.8,79.6,20.4,43.1,56.9
1970-07-01,5,60.4,39.6,79.6,20.4,43.5,56.5
1970-08-01,5.1,60.3,39.7,79.4,20.6,43.4,56.6
1970-09-01,5.4,60.2,39.8,79.5,20.5,43.2,56.8
1970-10-01,5.5,60.4,39.6,79.4,20.6,43.5,56.5
1970-11-01,5.9,60.4,39.6,79.5,20.5,43.5,56.5
1970-12-01,6.1,60.4,39.6,79.6,20.4,43.4,56.6
1971-01-01,5.9,60.4,39.6,79.4,20.6,43.6,56.4
1971-02-01,5.9,60.1,39.9,79.1,20.9,43.3,56.7
1971-03-01,6,60,40,78.9,21.1,43.3,56.7
1971-04-01,5.9,60.1,39.9,79.3,20.7,43.2,56.8
1971-05-01,5.9,60.2,39.8,79.3,20.7,43.2,56.8
1971-06-01,5.9,59.8,40.2,78.8,21.2,42.8,57.2
1971-07-01,6,60.1,39.9,79.3,20.7,43.1,56.9
1971-08-01,6.1,60.2,39.8,79.3,20.7,43.3,56.7
1971-09-01,6,60.1,39.9,79,21,43.4,56.6
1971-10-01,5.8,60.1,39.9,78.9,21.1,43.5,56.5
1971-11-01,6,60.4,39.6,79.1,20.9,43.8,56.2
1971-12-01,6,60.4,39.6,79.1,20.9,43.8,56.2
1972-01-01,5.8,60.2,39.8,78.8,21.2,43.8,56.2
1972-02-01,5.7,60.2,39.8,78.8,21.2,43.6,56.4
1972-03-01,5.8,60.5,39.5,79.1,20.9,43.9,56.1
1972-04-01,5.7,60.4,39.6,78.9,21.1,43.9,56.1
1972-05-01,5.7,60.4,39.6,78.9,21.1,43.9,56.1
1972-06-01,5.7,60.4,39.6,79,21,43.9,56.1
1972-07-01,5.6,60.4,39.6,78.9,21.1,43.9,56.1
1972-08-01,5.6,60.6,39.4,79.1,20.9,44,56
1972-09-01,5.5,60.4,39.6,78.9,21.1,43.9,56.1
1972-10-01,5.6,60.3,39.7,78.8,21.2,43.9,56.1
1972-11-01,5.3,60.3,39.7,78.8,21.2,43.9,56.1
1972-12-01,5.2,60.5,39.5,79,21,44,56
1973-01-01,4.9,60,40,78.4,21.6,43.7,56.3
1973-02-01,5,60.5,39.5,78.8,21.2,44.3,55.7
1973-03-01,4.9,60.8,39.2,79.1,20.9,44.4,55.6
1973-04-01,5,60.8,39.2,78.9,21.1,44.6,55.4
1973-05-01,4.9,60.6,39.4,78.6,21.4,44.6,55.4
1973-06-01,4.9,60.9,39.1,78.8,21.2,45,55
1973-07-01,4.8,60.9,39.1,78.9,21.1,44.8,55.2
1973-08-01,4.8,60.7,39.3,78.6,21.4,44.8,55.2
1973-09-01,4.8,60.8,39.2,78.6,21.4,45,55
1973-10-01,4.6,60.9,39.1,78.8,21.2,45,55
1973-11-01,4.8,61.2,38.8,79,21,45.3,54.7
1973-12-01,4.9,61.2,38.8,79.1,20.9,45.3,54.7
1974-01-01,5.1,61.3,38.7,79.5,20.5,45.1,54.9
1974-02-01,5.2,61.4,38.6,79.3,20.7,45.4,54.6
1974-03-01,5.1,61.3,38.7,79,21,45.5,54.5
1974-04-01,5.1,61.1,38.9,78.6,21.4,45.4,54.6
1974-05-01,5.1,61.2,38.8,78.7,21.3,45.5,54.5
1974-06-01,5.4,61.2,38.8,78.7,21.3,45.7,54.3
1974-07-01,5.5,61.4,38.6,78.4,21.6,46.1,53.9
1974-08-01,5.5,61.2,38.8,78.4,21.6,45.7,54.3
1974-09-01,5.9,61.4,38.6,78.6,21.4,46,54
1974-10-01,6,61.3,38.7,78.6,21.4,45.8,54.2
1974-11-01,6.6,61.3,38.7,78.6,21.4,45.9,54.1
1974-12-01,7.2,61.2,38.8,78.4,21.6,45.9,54.1
1975-01-01,8.1,61.4,38.6,78.3,21.7,46.3,53.7
1975-02-01,8.1,61,39,78,22,45.9,54.1
1975-03-01,8.6,61.2,38.8,78,22,46.2,53.8
1975-04-01,8.8,61.3,38.7,78.1,21.9,46.3,53.7
1975-05-01,9,61.5,38.5,78.3,21.7,46.4,53.6
1975-06-01,8.8,61.2,38.8,77.8,22.2,46.3,53.7
1975-07-01,8.6,61.3,38.7,78.1,21.9,46.4,53.6
1975-08-01,8.4,61.3,38.7,77.9,22.1,46.5,53.5
1975-09-01,8.4,61.2,38.8,77.8,22.2,46.4,53.6
1975-10-01,8.4,61.2,38.8,77.6,22.4,46.5,53.5
1975-11-01,8.3,61.1,38.9,77.5,22.5,46.4,53.6
1975-12-01,8.2,61.1,38.9,77.2,22.8,46.6,53.4
1976-01-01,7.9,61.3,38.7,77.4,22.6,46.9,53.1
1976-02-01,7.7,61.3,38.7,77.3,22.7,46.9,53.1
1976-03-01,7.6,61.3,38.7,77.3,22.7,47,53
1976-04-01,7.7,61.6,38.4,77.7,22.3,47.1,52.9
1976-05-01,7.4,61.5,38.5,77.6,22.4,47.2,52.8
1976-06-01,7.6,61.5,38.5,77.3,22.7,47.3,52.7
1976-07-01,7.8,61.8,38.2,77.6,22.4,47.6,52.4
1976-08-01,7.8,61.8,38.2,77.6,22.4,47.6,52.4
1976-09-01,7.6,61.6,38.4,77.5,22.5,47.3,52.7
1976-10-01,7.7,61.6,38.4,77.5,22.5,47.3,52.7
1976-11-01,7.8,61.9,38.1,77.7,22.3,47.7,52.3
1976-12-01,7.8,61.8,38.2,77.6,22.4,47.7,52.3
1977-01-01,7.5,61.6,38.4,77.3,22.7,47.6,52.4
1977-02-01,7.6,61.9,38.1,77.6,22.4,47.9,52.1
1977-03-01,7.4,62,38,77.5,22.5,48.2,51.8
1977-04-01,7.2,62.1,37.9,77.5,22.5,48.3,51.7
1977-05-01,7,62.2,37.8,77.6,22.4,48.4,51.6
1977-06-01,7.2,62.4,37.6,77.8,22.2,48.5,51.5
1977-07-01,6.9,62.1,37.9,77.6,22.4,48.3,51.7
1977-08-01,7,62.3,37.7,77.7,22.3,48.6,51.4
1977-09-01,6.8,62.3,37.7,77.3,22.7,48.8,51.2
1977-10-01,6.8,62.4,37.6,77.8,22.2,48.6,51.4
1977-11-01,6.8,62.8,37.2,78,22,49.1,50.9
1977-12-01,6.4,62.7,37.3,78,22,48.9,51.1
1978-01-01,6.4,62.8,37.2,77.9,22.1,49.2,50.8
1978-02-01,6.3,62.7,37.3,77.8,22.2,49.2,50.8
1978-03-01,6.3,62.8,37.2,77.7,22.3,49.4,50.6
1978-04-01,6.1,63,37,77.8,22.2,49.7,50.3
1978-05-01,6,63.1,36.9,77.8,22.2,49.9,50.1
1978-06-01,5.9,63.3,36.7,78,22,50.1,49.9
1978-07-01,6.2,63.2,36.8,77.8,22.2,50.1,49.9
1978-08-01,5.9,63.2,36.8,77.8,22.2,50,50
1978-09-01,6,63.3,36.7,77.6,22.4,50.4,49.6
1978-10-01,5.8,63.3,36.7,77.8,22.2,50.4,49.6
1978-11-01,5.9,63.5,36.5,78,22,50.5,49.5
1978-12-01,6,63.6,36.4,78,22,50.6,49.4
1979-01-01,5.9,63.6,36.4,78.2,21.8,50.5,49.5
1979-02-01,5.9,63.8,36.2,78.3,21.7,50.8,49.2
1979-03-01,5.8,63.8,36.2,78,22,51,49
1979-04-01,5.8,63.5,36.5,77.8,22.2,50.6,49.4
1979-05-01,5.6,63.3,36.7,77.6,22.4,50.6,49.4
1979-06-01,5.7,63.5,36.5,77.8,22.2,50.7,49.3
1979-07-01,5.7,63.6,36.4,77.9,22.1,50.9,49.1
1979-08-01,6,63.6,36.4,77.7,22.3,51,49
1979-09-01,5.9,63.8,36.2,77.9,22.1,51.1,48.9
1979-10-01,6,63.7,36.3,77.6,22.4,51.3,48.7
1979-11-01,5.9,63.7,36.3,77.5,22.5,51.3,48.7
1979-12-01,6,63.9,36.1,77.6,22.4,51.5,48.5
1980-01-01,6.3,64,36,77.8,22.2,51.6,48.4
1980-02-01,6.3,64,36,77.9,22.1,51.5,48.5
1980-03-01,6.3,63.7,36.3,77.6,22.4,51.3,48.7
1980-04-01,6.9,63.8,36.2,77.5,22.5,51.4,48.6
1980-05-01,7.5,63.9,36.1,77.7,22.3,51.5,48.5
1980-06-01,7.6,63.7,36.3,77.4,22.6,51.3,48.7
1980-07-01,7.8,63.8,36.2,77.5,22.5,51.5,48.5
1980-08-01,7.7,63.7,36.3,77.3,22.7,51.5,48.5
1980-09-01,7.5,63.6,36.4,77.2,22.8,51.4,48.6
1980-10-01,7.5,63.7,36.3,77.3,22.7,51.6,48.4
1980-11-01,7.5,63.8,36.2,77.3,22.7,51.6,48.4
1980-12-01,7.2,63.6,36.4,77,23,51.5,48.5
1981-01-01,7.5,63.9,36.1,77.3,22.7,51.9,48.1
1981-02-01,7.4,63.9,36.1,77.2,22.8,52,48
1981-03-01,7.4,64.1,35.9,77.3,22.7,52.1,47.9
1981-04-01,7.2,64.2,35.8,77.5,22.5,52.3,47.7
1981-05-01,7.5,64.3,35.7,77.5,22.5,52.4,47.6
1981-06-01,7.5,63.7,36.3,76.7,23.3,52.1,47.9
1981-07-01,7.2,63.8,36.2,76.8,23.2,52.1,47.9
1981-08-01,7.4,63.8,36.2,76.9,23.1,52.1,47.9
1981-09-01,7.6,63.5,36.5,76.6,23.4,51.7,48.3
1981-10-01,7.9,63.8,36.2,76.7,23.3,52.3,47.7
1981-11-01,8.3,63.9,36.1,76.7,23.3,52.4,47.6
1981-12-01,8.5,63.6,36.4,76.6,23.4,52,48
1982-01-01,8.6,63.7,36.3,76.6,23.4,52.1,47.9
1982-02-01,8.9,63.8,36.2,76.7,23.3,52.3,47.7
1982-03-01,9,63.8,36.2,76.6,23.4,52.4,47.6
1982-04-01,9.3,63.9,36.1,76.7,23.3,52.4,47.6
1982-05-01,9.4,64.2,35.8,77,23,52.7,47.3
1982-06-01,9.6,63.9,36.1,76.5,23.5,52.7,47.3
1982-07-01,9.8,64,36,76.5,23.5,52.8,47.2
1982-08-01,9.8,64.1,35.9,76.6,23.4,52.8,47.2
1982-09-01,10.1,64.1,35.9,76.7,23.3,52.8,47.2
1982-10-01,10.4,64.1,35.9,76.7,23.3,52.7,47.3
1982-11-01,10.8,64.2,35.8,76.7,23.3,52.9,47.1
1982-12-01,10.8,64.1,35.9,76.5,23.5,53,47
1983-01-01,10.4,63.9,36.1,76.1,23.9,52.9,47.1
1983-02-01,10.4,63.8,36.2,76,24,52.7,47.3
1983-03-01,10.3,63.7,36.3,76,24,52.6,47.4
1983-04-01,10.2,63.8,36.2,76.1,23.9,52.6,47.4
1983-05-01,10.1,63.7,36.3,76.1,23.9,52.5,47.5
1983-06-01,10.1,64.3,35.7,76.8,23.2,53,47
1983-07-01,9.4,64.1,35.9,76.7,23.3,52.8,47.2
1983-08-01,9.5,64.3,35.7,76.7,23.3,53.2,46.8
1983-09-01,9.2,64.3,35.7,76.5,23.5,53.3,46.7
1983-10-01,8.8,64,36,76.3,23.7,53,47
1983-11-01,8.5,64.1,35.9,76.5,23.5,53.1,46.9
1983-12-01,8.3,64.1,35.9,76.3,23.7,53.2,46.8
1984-01-01,8,63.9,36.1,76.1,23.9,52.9,47.1
1984-02-01,7.8,64.1,35.9,76.2,23.8,53.2,46.8
1984-03-01,7.8,64.1,35.9,76.2,23.8,53.2,46.8
1984-04-01,7.7,64.3,35.7,76.2,23.8,53.5,46.5
1984-05-01,7.4,64.5,35.5,76.3,23.7,53.9,46.1
1984-06-01,7.2,64.6,35.4,76.6,23.4,53.7,46.3
1984-07-01,7.5,64.6,35.4,76.4,23.6,53.9,46.1
1984-08-01,7.5,64.4,35.6,76.3,23.7,53.7,46.3
1984-09-01,7.3,64.4,35.6,76.5,23.5,53.5,46.5
1984-10-01,7.4,64.4,35.6,76.3,23.7,53.7,46.3
1984-11-01,7.2,64.5,35.5,76.4,23.6,53.7,46.3
1984-12-01,7.3,64.6,35.4,76.5,23.5,53.9,46.1
1985-01-01,7.3,64.7,35.3,76.3,23.7,54.2,45.8
1985-02-01,7.2,64.7,35.3,76.2,23.8,54.4,45.6
1985-03-01,7.2,64.9,35.1,76.3,23.7,54.6,45.4
1985-04-01,7.3,64.9,35.1,76.4,23.6,54.5,45.5
1985-05-01,7.2,64.8,35.2,76.3,23.7,54.4,45.6
1985-06-01,7.4,64.6,35.4,76.1,23.9,54.1,45.9
1985-07-01,7.4,64.7,35.3,76.2,23.8,54.3,45.7
1985-08-01,7.1,64.6,35.4,76.2,23.8,54.2,45.8
1985-09-01,7.1,64.9,35.1,76.3,23.7,54.6,45.4
1985-10-01,7.1,65,35,76.4,23.6,54.6,45.4
1985-11-01,7,64.9,35.1,76.2,23.8,54.7,45.3
1985-12-01,7,65,35,76.1,23.9,54.9,45.1
1986-01-01,6.7,64.9,35.1,76.2,23.8,54.7,45.3
1986-02-01,7.2,65,35,76.2,23.8,54.8,45.2
1986-03-01,7.2,65.1,34.9,76.2,23.8,55.1,44.9
1986-04-01,7.1,65.1,34.9,76.2,23.8,55.1,44.9
1986-05-01,7.2,65.2,34.8,76.2,23.8,55.2,44.8
1986-06-01,7.2,65.4,34.6,76.3,23.7,55.5,44.5
1986-07-01,7,65.4,34.6,76.3,23.7,55.5,44.5
1986-08-01,6.9,65.3,34.7,76.1,23.9,55.6,44.4
1986-09-01,7,65.4,34.6,76.3,23.7,55.5,44.5
1986-10-01,7,65.4,34.6,76.2,23.8,55.7,44.3
1986-11-01,6.9,65.4,34.6,76.4,23.6,55.5,44.5
1986-12-01,6.6,65.3,34.7,76.3,23.7,55.4,44.6
1987-01-01,6.6,65.4,34.6,76.3,23.7,55.4,44.6
1987-02-01,6.6,65.5,34.5,76.3,23.7,55.6,44.4
1987-03-01,6.6,65.5,34.5,76.2,23.8,55.8,44.2
1987-04-01,6.3,65.4,34.6,76.1,23.9,55.8,44.2
1987-05-01,6.3,65.7,34.3,76.4,23.6,56.1,43.9
1987-06-01,6.2,65.5,34.5,76.1,23.9,55.9,44.1
1987-07-01,6.1,65.6,34.4,76,24,56.1,43.9
1987-08-01,6,65.7,34.3,76.3,23.7,56.2,43.8
1987-09-01,5.9,65.5,34.5,76,24,56,44
1987-10-01,6,65.7,34.3,76.2,23.8,56.3,43.7
1987-11-01,5.8,65.7,34.3,76.1,23.9,56.3,43.7
1987-12-01,5.7,65.7,34.3,76.1,23.9,56.4,43.6
1988-01-01,5.7,65.8,34.2,76.2,23.8,56.4,43.6
1988-02-01,5.7,65.9,34.1,76.2,23.8,56.5,43.5
1988-03-01,5.7,65.7,34.3,75.9,24.1,56.4,43.6
1988-04-01,5.4,65.8,34.2,76.2,23.8,56.4,43.6
1988-05-01,5.6,65.7,34.3,76.2,23.8,56.1,43.9
1988-06-01,5.4,65.8,34.2,76.2,23.8,56.4,43.6
1988-07-01,5.4,65.9,34.1,76.2,23.8,56.5,43.5
1988-08-01,5.6,66.1,33.9,76.5,23.5,56.6,43.4
1988-09-01,5.4,65.9,34.1,76.2,23.8,56.6,43.4
1988-10-01,5.4,66,34,76.1,23.9,56.8,43.2
1988-11-01,5.3,66.2,33.8,76.1,23.9,57.2,42.8
1988-12-01,5.3,66.1,33.9,76,24,57.2,42.8
1989-01-01,5.4,66.5,33.5,76.4,23.6,57.5,42.5
1989-02-01,5.2,66.3,33.7,76.3,23.7,57.1,42.9
1989-03-01,5,66.3,33.7,76.3,23.7,57.2,42.8
1989-04-01,5.2,66.4,33.6,76.5,23.5,57.3,42.7
1989-05-01,5.2,66.3,33.7,76.3,23.7,57.3,42.7
1989-06-01,5.3,66.5,33.5,76.7,23.3,57.3,42.7
1989-07-01,5.2,66.5,33.5,76.5,23.5,57.4,42.6
1989-08-01,5.2,66.5,33.5,76.5,23.5,57.5,42.5
1989-09-01,5.3,66.4,33.6,76.1,23.9,57.5,42.5
1989-10-01,5.3,66.5,33.5,76.5,23.5,57.4,42.6
1989-11-01,5.4,66.6,33.4,76.4,23.6,57.8,42.2
1989-12-01,5.4,66.5,33.5,76.4,23.6,57.5,42.5
1990-01-01,5.4,66.8,33.2,76.7,23.3,57.7,42.3
1990-02-01,5.3,66.7,33.3,76.6,23.4,57.6,42.4
1990-03-01,5.2,66.7,33.3,76.6,23.4,57.6,42.4
1990-04-01,5.4,66.6,33.4,76.4,23.6,57.5,42.5
1990-05-01,5.4,66.6,33.4,76.4,23.6,57.7,42.3
1990-06-01,5.2,66.4,33.6,76.3,23.7,57.4,42.6
1990-07-01,5.5,66.5,33.5,76.3,23.7,57.5,42.5
1990-08-01,5.7,66.5,33.5,76.3,23.7,57.6,42.4
1990-09-01,5.9,66.4,33.6,76.1,23.9,57.6,42.4
1990-10-01,5.9,66.4,33.6,76.2,23.8,57.4,42.6
1990-11-01,6.2,66.4,33.6,76.3,23.7,57.4,42.6
1990-12-01,6.3,66.4,33.6,76.3,23.7,57.3,42.7
1991-01-01,6.4,66.2,33.8,76,24,57.3,42.7
1991-02-01,6.6,66.2,33.8,75.9,24.1,57.4,42.6
1991-03-01,6.8,66.3,33.7,76.1,23.9,57.3,42.7
1991-04-01,6.7,66.4,33.6,76,24,57.6,42.4
1991-05-01,6.9,66.2,33.8,75.8,24.2,57.4,42.6
1991-06-01,6.9,66.2,33.8,75.8,24.2,57.4,42.6
1991-07-01,6.8,66.1,33.9,75.8,24.2,57.2,42.8
1991-08-01,6.9,66,34,75.6,24.4,57.2,42.8
1991-09-01,6.9,66.2,33.8,75.8,24.2,57.4,42.6
1991-10-01,7,66.1,33.9,75.6,24.4,57.5,42.5
1991-11-01,7,66.1,33.9,75.5,24.5,57.5,42.5
1991-12-01,7.3,66,34,75.4,24.6,57.5,42.5
1992-01-01,7.3,66.3,33.7,75.7,24.3,57.7,42.3
1992-02-01,7.4,66.2,33.8,75.6,24.4,57.7,42.3
1992-03-01,7.4,66.4,33.6,75.8,24.2,57.8,42.2
1992-04-01,7.4,66.5,33.5,75.8,24.2,57.9,42.1
1992-05-01,7.6,66.6,33.4,76.1,23.9,57.8,42.2
1992-06-01,7.8,66.7,33.3,76.2,23.8,57.9,42.1
1992-07-01,7.7,66.7,33.3,76,24,58.1,41.9
1992-08-01,7.6,66.6,33.4,76,24,58,42
1992-09-01,7.6,66.5,33.5,75.9,24.1,57.8,42.2
1992-10-01,7.3,66.2,33.8,75.6,24.4,57.6,42.4
1992-11-01,7.4,66.3,33.7,75.6,24.4,57.8,42.2
1992-12-01,7.4,66.3,33.7,75.5,24.5,57.9,42.1
1993-01-01,7.3,66.2,33.8,75.4,24.6,57.7,42.3
1993-02-01,7.1,66.2,33.8,75.4,24.6,57.7,42.3
1993-03-01,7,66.2,33.8,75.6,24.4,57.6,42.4
1993-04-01,7.1,66.1,33.9,75.4,24.6,57.7,42.3
1993-05-01,7.1,66.4,33.6,75.6,24.4,58,42
1993-06-01,7,66.5,33.5,75.7,24.3,58,42
1993-07-01,6.9,66.4,33.6,75.7,24.3,57.9,42.1
1993-08-01,6.8,66.4,33.6,75.7,24.3,58,42
1993-09-01,6.7,66.2,33.8,75.2,24.8,57.9,42.1
1993-10-01,6.8,66.3,33.7,75.3,24.7,58.1,41.9
1993-11-01,6.6,66.3,33.7,75.1,24.9,58.2,41.8
1993-12-01,6.5,66.4,33.6,75,25,58.4,41.6
1994-01-01,6.6,66.6,33.4,75.3,24.7,58.7,41.3
1994-02-01,6.6,66.6,33.4,75.1,24.9,58.8,41.2
1994-03-01,6.5,66.5,33.5,74.9,25.1,58.7,41.3
1994-04-01,6.4,66.5,33.5,74.9,25.1,58.8,41.2
1994-05-01,6.1,66.6,33.4,74.8,25.2,58.9,41.1
1994-06-01,6.1,66.4,33.6,74.7,25.3,58.7,41.3
1994-07-01,6.1,66.4,33.6,74.8,25.2,58.6,41.4
1994-08-01,6,66.6,33.4,75,25,58.9,41.1
1994-09-01,5.9,66.6,33.4,75,25,58.9,41.1
1994-10-01,5.8,66.7,33.3,75.2,24.8,58.9,41.1
1994-11-01,5.6,66.7,33.3,75.2,24.8,58.9,41.1
1994-12-01,5.5,66.7,33.3,75.4,24.6,58.7,41.3
1995-01-01,5.6,66.8,33.2,75.4,24.6,58.8,41.2
1995-02-01,5.4,66.8,33.2,75.4,24.6,58.8,41.2
1995-03-01,5.4,66.7,33.3,75.3,24.7,58.8,41.2
1995-04-01,5.8,66.9,33.1,75.3,24.7,59.2,40.8
1995-05-01,5.6,66.5,33.5,74.9,25.1,58.8,41.2
1995-06-01,5.6,66.5,33.5,75,25,58.7,41.3
1995-07-01,5.7,66.6,33.4,74.9,25.1,59.1,40.9
1995-08-01,5.7,66.6,33.4,74.8,25.2,59,41
1995-09-01,5.6,66.6,33.4,75,25,59,41
1995-10-01,5.5,66.6,33.4,74.7,25.3,59.2,40.8
1995-11-01,5.6,66.5,33.5,74.6,25.4,59.1,40.9
1995-12-01,5.6,66.4,33.6,74.6,25.4,58.9,41.1
1996-01-01,5.6,66.4,33.6,74.6,25.4,58.9,41.1
1996-02-01,5.5,66.6,33.4,74.9,25.1,58.9,41.1
1996-03-01,5.5,66.6,33.4,74.9,25.1,59,41
1996-04-01,5.6,66.7,33.3,74.9,25.1,59.1,40.9
1996-05-01,5.6,66.7,33.3,75,25,59.1,40.9
1996-06-01,5.3,66.7,33.3,75,25,59,41
1996-07-01,5.5,66.9,33.1,75.2,24.8,59.3,40.7
1996-08-01,5.1,66.7,33.3,74.8,25.2,59.3,40.7
1996-09-01,5.2,66.9,33.1,75,25,59.5,40.5
1996-10-01,5.2,67,33,75.1,24.9,59.6,40.4
1996-11-01,5.4,67,33,74.9,25.1,59.8,40.2
1996-12-01,5.4,67,33,74.8,25.2,59.8,40.2
1997-01-01,5.3,67,33,74.9,25.1,59.6,40.4
1997-02-01,5.2,66.9,33.1,74.9,25.1,59.5,40.5
1997-03-01,5.2,67.1,32.9,75,25,59.8,40.2
1997-04-01,5.1,67.1,32.9,75.1,24.9,59.7,40.3
1997-05-01,4.9,67.1,32.9,75,25,59.8,40.2
1997-06-01,5,67.1,32.9,75,25,59.7,40.3
1997-07-01,4.9,67.2,32.8,75,25,60,40
1997-08-01,4.8,67.2,32.8,75,25,59.9,40.1
1997-09-01,4.9,67.1,32.9,74.9,25.1,60,40
1997-10-01,4.7,67.1,32.9,74.9,25.1,59.8,40.2
1997-11-01,4.6,67.2,32.8,75.1,24.9,59.8,40.2
1997-12-01,4.7,67.2,32.8,74.9,25.1,60.1,39.9
1998-01-01,4.6,67.1,32.9,74.9,25.1,59.9,40.1
1998-02-01,4.6,67.1,32.9,74.8,25.2,59.9,40.1
1998-03-01,4.7,67.1,32.9,74.8,25.2,59.9,40.1
1998-04-01,4.3,67,33,74.8,25.2,59.7,40.3
1998-05-01,4.4,67,33,74.9,25.1,59.7,40.3
1998-06-01,4.5,67,33,74.9,25.1,59.7,40.3
1998-07-01,4.5,67,33,75,25,59.7,40.3
1998-08-01,4.5,67,33,74.6,25.4,59.8,40.2
1998-09-01,4.6,67.2,32.8,75,25,60,40
1998-10-01,4.5,67.2,32.8,74.9,25.1,60,40
1998-11-01,4.4,67.1,32.9,75,25,59.9,40.1
1998-12-01,4.4,67.2,32.8,74.9,25.1,60,40
1999-01-01,4.3,67.2,32.8,75,25,60.1,39.9
1999-02-01,4.4,67.2,32.8,74.9,25.1,60,40
1999-03-01,4.2,67,33,74.7,25.3,59.9,40.1
1999-04-01,4.3,67.1,32.9,74.6,25.4,60.1,39.9
1999-05-01,4.2,67.1,32.9,74.8,25.2,59.9,40.1
1999-06-01,4.3,67.1,32.9,74.7,25.3,60.1,39.9
1999-07-01,4.3,67.1,32.9,74.7,25.3,60,40
1999-08-01,4.2,67,33,74.6,25.4,60,40
1999-09-01,4.2,67,33,74.6,25.4,60,40
1999-10-01,4.1,67,33,74.6,25.4,60.1,39.9
1999-11-01,4.1,67.1,32.9,74.6,25.4,60.2,39.8
1999-12-01,4,67.1,32.9,74.8,25.2,60.1,39.9
2000-01-01,4,67.3,32.7,75.1,24.9,60.1,39.9
2000-02-01,4.1,67.3,32.7,75.3,24.7,60,40
2000-03-01,4,67.3,32.7,75,25,60.1,39.9
2000-04-01,3.8,67.3,32.7,74.9,25.1,60.3,39.7
2000-05-01,4,67.1,32.9,74.8,25.2,60,40
2000-06-01,4,67.1,32.9,74.8,25.2,60,40
2000-07-01,4,66.9,33.1,74.5,25.5,59.9,40.1
2000-08-01,4.1,66.9,33.1,74.8,25.2,59.6,40.4
2000-09-01,3.9,66.9,33.1,74.6,25.4,59.8,40.2
2000-10-01,3.9,66.8,33.2,74.5,25.5,59.7,40.3
2000-11-01,3.9,66.9,33.1,74.6,25.4,59.9,40.1
2000-12-01,3.9,67,33,74.7,25.3,59.9,40.1
2001-01-01,4.2,67.2,32.8,75,25,60.1,39.9
2001-02-01,4.2,67.1,32.9,74.8,25.2,60,40
2001-03-01,4.3,67.2,32.8,74.7,25.3,60.2,39.8
2001-04-01,4.4,66.9,33.1,74.6,25.4,59.8,40.2
2001-05-01,4.3,66.7,33.3,74.4,25.6,59.7,40.3
2001-06-01,4.5,66.7,33.3,74.3,25.7,59.7,40.3
2001-07-01,4.6,66.8,33.2,74.4,25.6,59.7,40.3
2001-08-01,4.9,66.5,33.5,74.1,25.9,59.5,40.5
2001-09-01,5,66.8,33.2,74.5,25.5,59.6,40.4
2001-10-01,5.3,66.7,33.3,74.4,25.6,59.7,40.3
2001-11-01,5.5,66.7,33.3,74.3,25.7,59.8,40.2
2001-12-01,5.7,66.7,33.3,74.3,25.7,59.7,40.3
2002-01-01,5.7,66.5,33.5,74,26,59.5,40.5
2002-02-01,5.7,66.8,33.2,74.2,25.8,59.9,40.1
2002-03-01,5.7,66.6,33.4,74.1,25.9,59.7,40.3
2002-04-01,5.9,66.7,33.3,74.2,25.8,59.7,40.3
2002-05-01,5.8,66.7,33.3,74.5,25.5,59.6,40.4
2002-06-01,5.8,66.6,33.4,74.2,25.8,59.6,40.4
2002-07-01,5.8,66.5,33.5,74.1,25.9,59.5,40.5
2002-08-01,5.7,66.6,33.4,74.1,25.9,59.6,40.4
2002-09-01,5.7,66.7,33.3,74.4,25.6,59.7,40.3
2002-10-01,5.7,66.6,33.4,74,26,59.6,40.4
2002-11-01,5.9,66.4,33.6,73.7,26.3,59.5,40.5
2002-12-01,6,66.3,33.7,73.6,26.4,59.5,40.5
2003-01-01,5.8,66.4,33.6,73.5,26.5,59.7,40.3
2003-02-01,5.9,66.4,33.6,73.7,26.3,59.6,40.4
2003-03-01,5.9,66.3,33.7,73.3,26.7,59.7,40.3
2003-04-01,6,66.4,33.6,73.6,26.4,59.7,40.3
2003-05-01,6.1,66.4,33.6,73.6,26.4,59.7,40.3
2003-06-01,6.3,66.5,33.5,73.6,26.4,59.9,40.1
2003-07-01,6.2,66.2,33.8,73.4,26.6,59.5,40.5
2003-08-01,6.1,66.1,33.9,73.3,26.7,59.5,40.5
2003-09-01,6.1,66.1,33.9,73.6,26.4,59.1,40.9
2003-10-01,6,66.1,33.9,73.4,26.6,59.3,40.7
2003-11-01,5.8,66.1,33.9,73.6,26.4,59.2,40.8
2003-12-01,5.7,65.9,34.1,73.5,26.5,59,41
2004-01-01,5.7,66.1,33.9,73.7,26.3,59.1,40.9
2004-02-01,5.6,66,34,73.2,26.8,59.2,40.8
2004-03-01,5.8,66,34,73.2,26.8,59.3,40.7
2004-04-01,5.6,65.9,34.1,73.1,26.9,59.2,40.8
2004-05-01,5.6,66,34,73.1,26.9,59.3,40.7
2004-06-01,5.6,66.1,33.9,73.3,26.7,59.3,40.7
2004-07-01,5.5,66.1,33.9,73.5,26.5,59.3,40.7
2004-08-01,5.4,66,34,73.4,26.6,59,41
2004-09-01,5.4,65.8,34.2,73.2,26.8,59,41
2004-10-01,5.5,65.9,34.1,73.3,26.7,59,41
2004-11-01,5.4,66,34,73.5,26.5,59,41
2004-12-01,5.4,65.9,34.1,73.2,26.8,59.1,40.9
2005-01-01,5.3,65.8,34.2,73,27,59.1,40.9
2005-02-01,5.4,65.9,34.1,73.2,26.8,59.1,40.9
2005-03-01,5.2,65.9,34.1,73.2,26.8,59,41
2005-04-01,5.2,66.1,33.9,73.4,26.6,59.2,40.8
2005-05-01,5.1,66.1,33.9,73.5,26.5,59.3,40.7
2005-06-01,5,66.1,33.9,73.4,26.6,59.2,40.8
2005-07-01,5,66.1,33.9,73.4,26.6,59.2,40.8
2005-08-01,4.9,66.2,33.8,73.5,26.5,59.3,40.7
2005-09-01,5,66.1,33.9,73.3,26.7,59.4,40.6
2005-10-01,5,66.1,33.9,73.2,26.8,59.5,40.5
2005-11-01,5,66,34,73.2,26.8,59.3,40.7
2005-12-01,4.9,66,34,73.2,26.8,59.2,40.8
2006-01-01,4.7,66,34,73.4,26.6,59.1,40.9
2006-02-01,4.8,66.1,33.9,73.5,26.5,59.3,40.7
2006-03-01,4.7,66.2,33.8,73.6,26.4,59.2,40.8
2006-04-01,4.7,66.1,33.9,73.5,26.5,59.2,40.8
2006-05-01,4.6,66.1,33.9,73.5,26.5,59.2,40.8
2006-06-01,4.6,66.2,33.8,73.4,26.6,59.5,40.5
2006-07-01,4.7,66.1,33.9,73.1,26.9,59.6,40.4
2006-08-01,4.7,66.2,33.8,73.4,26.6,59.5,40.5
2006-09-01,4.5,66.1,33.9,73.4,26.6,59.3,40.7
2006-10-01,4.4,66.2,33.8,73.4,26.6,59.4,40.6
2006-11-01,4.5,66.3,33.7,73.5,26.5,59.5,40.5
2006-12-01,4.4,66.4,33.6,73.7,26.3,59.5,40.5
2007-01-01,4.6,66.4,33.6,73.8,26.2,59.5,40.5
2007-02-01,4.5,66.3,33.7,73.6,26.4,59.4,40.6
2007-03-01,4.4,66.2,33.8,73.5,26.5,59.4,40.6
2007-04-01,4.5,65.9,34.1,73.4,26.6,58.9,41.1
2007-05-01,4.4,66,34,73.2,26.8,59.1,40.9
2007-06-01,4.6,66,34,73.3,26.7,59.3,40.7
2007-07-01,4.7,66,34,73.1,26.9,59.3,40.7
2007-08-01,4.6,65.8,34.2,72.8,27.2,59.2,40.8
2007-09-01,4.7,66,34,73,27,59.5,40.5
2007-10-01,4.7,65.8,34.2,72.9,27.1,59.2,40.8
2007-11-01,4.7,66,34,73.1,26.9,59.4,40.6
2007-12-01,5,66,34,73.1,26.9,59.4,40.6
2008-01-01,5,66.2,33.8,73.4,26.6,59.5,40.5
2008-02-01,4.9,66,34,73.1,26.9,59.3,40.7
2008-03-01,5.1,66.1,33.9,73.1,26.9,59.5,40.5
2008-04-01,5,65.9,34.1,72.9,27.1,59.4,40.6
2008-05-01,5.4,66.1,33.9,73.1,26.9,59.6,40.4
2008-06-01,5.6,66.1,33.9,73,27,59.5,40.5
2008-07-01,5.8,66.1,33.9,73.1,26.9,59.4,40.6
2008-08-01,6.1,66.1,33.9,72.9,27.1,59.6,40.4
2008-09-01,6.1,66,34,72.9,27.1,59.4,40.6
2008-10-01,6.5,66,34,72.9,27.1,59.6,40.4
2008-11-01,6.8,65.9,34.1,72.7,27.3,59.5,40.5
2008-12-01,7.3,65.8,34.2,72.5,27.5,59.5,40.5
2009-01-01,7.8,65.7,34.3,72.4,27.6,59.4,40.6
2009-02-01,8.3,65.8,34.2,72.4,27.6,59.5,40.5
2009-03-01,8.7,65.6,34.4,72.1,27.9,59.5,40.5
2009-04-01,9,65.7,34.3,72.3,27.7,59.4,40.6
2009-05-01,9.4,65.7,34.3,72.4,27.6,59.4,40.6
2009-06-01,9.5,65.7,34.3,72.2,27.8,59.5,40.5
2009-07-01,9.5,65.5,34.5,72,28,59.4,40.6
2009-08-01,9.6,65.4,34.6,72,28,59.2,40.8
2009-09-01,9.8,65.1,34.9,71.7,28.3,58.9,41.1
2009-10-01,10,65,35,71.6,28.4,58.8,41.2
2009-11-01,9.9,65,35,71.5,28.5,58.9,41.1
2009-12-01,9.9,64.6,35.4,71,29,58.6,41.4
2010-01-01,9.8,64.8,35.2,71.2,28.8,58.8,41.2
2010-02-01,9.8,64.9,35.1,71.2,28.8,58.9,41.1
2010-03-01,9.9,64.9,35.1,71.4,28.6,58.8,41.2
2010-04-01,9.9,65.2,34.8,71.8,28.2,58.9,41.1
2010-05-01,9.6,64.9,35.1,71.4,28.6,58.8,41.2
2010-06-01,9.4,64.6,35.4,71.1,28.9,58.5,41.5
2010-07-01,9.4,64.6,35.4,71.2,28.8,58.4,41.6
2010-08-01,9.5,64.7,35.3,71.3,28.7,58.6,41.4
2010-09-01,9.5,64.6,35.4,71.1,28.9,58.5,41.5
2010-10-01,9.4,64.4,35.6,70.8,29.2,58.4,41.6
2010-11-01,9.8,64.6,35.4,70.9,29.1,58.6,41.4
2010-12-01,9.3,64.3,35.7,70.7,29.3,58.3,41.7
2011-01-01,9.1,64.2,35.8,70.5,29.5,58.3,41.7
2011-02-01,9,64.1,35.9,70.5,29.5,58.1,41.9
2011-03-01,9,64.2,35.8,70.4,29.6,58.3,41.7
2011-04-01,9.1,64.2,35.8,70.5,29.5,58.3,41.7
2011-05-01,9,64.1,35.9,70.5,29.5,58.1,41.9
2011-06-01,9.1,64,36,70.4,29.6,58,42
2011-07-01,9,64,36,70.3,29.7,58,42
2011-08-01,9,64.1,35.9,70.5,29.5,58.1,41.9
2011-09-01,9,64.2,35.8,70.5,29.5,58.3,41.7
2011-10-01,8.8,64.1,35.9,70.4,29.6,58.1,41.9
2011-11-01,8.6,64.1,35.9,70.5,29.5,58,42
2011-12-01,8.5,64,36,70.5,29.5,57.8,42.2
2012-01-01,8.3,63.7,36.3,70.2,29.8,57.7,42.3
2012-02-01,8.3,63.8,36.2,70.2,29.8,57.8,42.2
2012-03-01,8.2,63.8,36.2,70.2,29.8,57.8,42.2
2012-04-01,8.2,63.7,36.3,70.1,29.9,57.6,42.4
2012-05-01,8.2,63.7,36.3,70.2,29.8,57.7,42.3
2012-06-01,8.2,63.8,36.2,70.3,29.7,57.7,42.3
2012-07-01,8.2,63.7,36.3,70.2,29.8,57.6,42.4
2012-08-01,8.1,63.5,36.5,69.9,30.1,57.6,42.4
2012-09-01,7.8,63.6,36.4,70.1,29.9,57.6,42.4
2012-10-01,7.8,63.8,36.2,70.3,29.7,57.7,42.3
2012-11-01,7.7,63.6,36.4,70.1,29.9,57.6,42.4
2012-12-01,7.9,63.7,36.3,70.1,29.9,57.7,42.3
2013-01-01,8,63.7,36.3,70.3,29.7,57.5,42.5
2013-02-01,7.7,63.4,36.6,70,30,57.3,42.7
2013-03-01,7.5,63.3,36.7,69.7,30.3,57.2,42.8
2013-04-01,7.6,63.4,36.6,69.9,30.1,57.3,42.7
2013-05-01,7.5,63.4,36.6,69.9,30.1,57.3,42.7
2013-06-01,7.5,63.4,36.6,69.9,30.1,57.4,42.6
2013-07-01,7.3,63.3,36.7,69.8,30.2,57.3,42.7
2013-08-01,7.2,63.3,36.7,69.6,30.4,57.3,42.7
2013-09-01,7.2,63.2,36.8,69.8,30.2,57.1,42.9
2013-10-01,7.2,62.8,37.2,69.2,30.8,56.8,43.2
2013-11-01,6.9,63,37,69.5,30.5,56.9,43.1
2013-12-01,6.7,62.9,37.1,69.2,30.8,57,43
2014-01-01,6.6,62.9,37.1,69.3,30.7,57,43
2014-02-01,6.7,62.9,37.1,69.1,30.9,57.2,42.8
2014-03-01,6.7,63.1,36.9,69.4,30.6,57.3,42.7
2014-04-01,6.3,62.8,37.2,69.1,30.9,57,43
2014-05-01,6.3,62.8,37.2,69,31,57,43
2014-06-01,6.1,62.8,37.2,69.2,30.8,56.9,43.1
2014-07-01,6.2,62.9,37.1,69.3,30.7,56.9,43.1
2014-08-01,6.2,62.9,37.1,69.3,30.7,56.9,43.1
2014-09-01,5.9,62.8,37.2,69.2,30.8,56.8,43.2
2014-10-01,5.7,62.9,37.1,69.1,30.9,57.1,42.9
2014-11-01,5.8,62.9,37.1,69.1,30.9,57,43
2014-12-01,5.6,62.8,37.2,69.3,30.7,56.7,43.3
2015-01-01,5.7,62.9,37.1,69.4,30.6,56.8,43.2
2015-02-01,5.5,62.7,37.3,69.2,30.8,56.6,43.4
2015-03-01,5.5,62.7,37.3,69.2,30.8,56.6,43.4
2015-04-01,5.4,62.8,37.2,69.3,30.7,56.6,43.4
2015-05-01,5.5,62.9,37.1,69.4,30.6,56.8,43.2
2015-06-01,5.3,62.7,37.3,69,31,56.8,43.2
2015-07-01,5.2,62.6,37.4,69,31,56.6,43.4
2015-08-01,5.1,62.6,37.4,68.9,31.1,56.7,43.3
2015-09-01,5,62.3,37.7,68.7,31.3,56.4,43.6
2015-10-01,5,62.5,37.5,68.8,31.2,56.6,43.4
2015-11-01,5,62.5,37.5,68.7,31.3,56.8,43.2
2015-12-01,5,62.7,37.3,69,31,56.9,43.1
2016-01-01,4.9,62.8,37.2,69,31,56.9,43.1
2016-02-01,4.9,62.9,37.1,69.3,30.7,56.9,43.1
2016-03-01,5,63,37,69.4,30.6,57.1,42.9
2016-04-01,5,62.8,37.2,69.3,30.7,56.8,43.2
2016-05-01,4.7,62.6,37.4,69,31,56.7,43.3
2016-06-01,4.9,62.7,37.3,69.3,30.7,56.6,43.4
2016-07-01,4.9,62.8,37.2,69.3,30.7,56.7,43.3
2016-08-01,4.9,62.8,37.2,69.3,30.7,56.8,43.2
2016-09-01,5,62.9,37.1,69.3,30.7,56.9,43.1
2016-10-01,4.9,62.8,37.2,69.2,30.8,56.8,43.2
2016-11-01,4.6,62.7,37.3,69,31,56.7,43.3
2016-12-01,4.7,62.7,37.3,69.1,30.9,56.8,43.2
2017-01-01,4.8,62.9,37.1,69.3,30.7,56.9,43.1
2017-02-01,4.7,62.9,37.1,69.3,30.7,57,43
2017-03-01,4.5,63,37,69.2,30.8,57.2,42.8
2017-04-01,4.4,62.9,37.1,69.2,30.8,57.1,42.9
2017-05-01,4.3,62.7,37.3,68.9,31.1,56.9,43.1
2017-06-01,4.3,62.8,37.2,69,31,57.1,42.9
2017-07-01,4.3,62.9,37.1,68.9,31.1,57.2,42.8
2017-08-01,4.4,62.9,37.1,69,31,57.2,42.8
2017-09-01,4.2,63,37,69.2,30.8,57.2,42.8
2017-10-01,4.1,62.7,37.3,69,31,56.8,43.2
2017-11-01,4.1,62.7,37.3,68.9,31.1,57,43
2017-12-01,4.1,62.7,37.3,69,31,56.9,43.1
2018-01-01,4.1,62.7,37.3,69.2,30.8,56.7,43.3
2018-02-01,4.1,63,37,69.4,30.6,57,43
2018-03-01,4.1,62.9,37.1,69.3,30.7,56.9,43.1
2018-04-01,3.9,62.8,37.2,69.2,30.8,56.7,43.3
2018-05-01,3.8,62.7,37.3,69.2,30.8,56.7,43.3
